{"train_acc": [0.618353394117247, 0.7274558113501666, 0.7619750064079427, 0.7834429222311149, 0.79561539789401, 0.8080912700280903, 0.8139447295325078, 0.8215505652067019, 0.8257562680141655, 0.8314632602566315, 0.8338956629997542, 0.8364640710575459, 0.8399688233970989, 0.8429347854516162, 0.8445040775439533, 0.8459164404270567, 0.8469103254188702, 0.8490393316908076, 0.8512258786727974, 0.8526173176613363, 0.8540139876235163, 0.8548561743797373, 0.856069760264478, 0.8575867426204039, 0.8580679921953873, 0.8587741736369391, 0.8597837515496759, 0.8607200958314372, 0.8623050808446976, 0.8623155427919799, 0.862451548106649, 0.8639371446207282, 0.8660243031035366, 0.8650984207690577, 0.8665735553358547, 0.867515130591257, 0.8677191385632608, 0.8674680518284869, 0.867264043856483, 0.8687234855023566, 0.8696493678368354, 0.8698429138615571, 0.8701515413063834, 0.8714435917957409, 0.8715848280840512, 0.8715115944530756, 0.8728297998106388, 0.8715639041894868, 0.8735725980676783, 0.8732273538073642, 0.8733372042538278, 0.8748437246624714, 0.8738027609078878, 0.8734522856739325, 0.8751889689227856, 0.8748018768733424, 0.875586522919511, 0.8746658715586733, 0.8757382211551036, 0.8768628804879453, 0.8752935883956081, 0.8760259247053654, 0.8760625415208533, 0.8770773504072313, 0.8774905973248801, 0.8777678389278596, 0.877359822983852, 0.8784060177120767, 0.878118314161815, 0.8785995637367984, 0.8794626743875837, 0.8781863168191495, 0.8792063566791687, 0.8785577159476693, 0.8797556089114867, 0.8790703513644995, 0.8786832593150563, 0.8790965062327051, 0.8790703513644995, 0.8796562204123053, 0.8799910027253373, 0.8798602283843092, 0.8798916142261559, 0.880529793010373, 0.8795672938604062, 0.8804147115902683, 0.8809901186907919, 0.8811156620581789, 0.8793946717302491, 0.8808907301916106, 0.8811522788736668, 0.8820833921817868, 0.8810215045326386, 0.8815079850812632, 0.8819735417353232, 0.8818270744733717, 0.8806867222196068, 0.8823867886529719, 0.8823606337847664, 0.8829569647798545], "train_loss": [0.9997085248914702, 0.609431166340791, 0.5155146203345122, 0.4619945876464376, 0.4278049243604032, 0.39972776388838777, 0.3812691965475065, 0.3649589721842078, 0.353528125824664, 0.3420069678598405, 0.33150250961901534, 0.32558496168844575, 0.3186912709483886, 0.31284480288579786, 0.30778433090168733, 0.3028767865174025, 0.2985167910905863, 0.29348069983355457, 0.2894582741308943, 0.2867806691987136, 0.28314761901646474, 0.2806884519292559, 0.278603279820365, 0.2738079880954278, 0.2733429215790336, 0.2702202827369889, 0.2690771565677882, 0.26611400707901495, 0.26379732938772843, 0.2614086744085265, 0.26224194015306923, 0.2590726415302233, 0.2581522285895236, 0.2575655683735324, 0.2558121427528298, 0.25332230591433014, 0.2516195720978138, 0.25068802012915636, 0.2501299550084329, 0.2493266983854985, 0.24764670516132484, 0.248601851973332, 0.24550526552741986, 0.24505914238615958, 0.24445176756454823, 0.2452253632790002, 0.2425034554159043, 0.24325719865702314, 0.24042631506477743, 0.24037079772022626, 0.2398141455853991, 0.23766272893326437, 0.23813872867082425, 0.23911308885794244, 0.2367485277366604, 0.23692622200090385, 0.2363573874026416, 0.23591419318563792, 0.23551931531310535, 0.2356298722528289, 0.2343629543951356, 0.23356630203358103, 0.23324903167861344, 0.2326783699207994, 0.23056870432379284, 0.23155194635127935, 0.23144354477512832, 0.23125655690937774, 0.23135462870643841, 0.22881394041436126, 0.2282683044338085, 0.2294235791753815, 0.22823205814394174, 0.2294885452201343, 0.22850490751451133, 0.22883028619842602, 0.2298249960929689, 0.22731764114478173, 0.2264077564147591, 0.22840740711301477, 0.227637288181059, 0.22588993117624578, 0.22763752692047035, 0.2262640306107925, 0.2275871459135576, 0.2252306078344867, 0.22519326824178762, 0.22458553819293722, 0.2268852820434942, 0.22489517320784386, 0.22551981689699624, 0.22284705670998342, 0.22678524814332726, 0.22375379840551335, 0.22373579089624573, 0.22384873791904045, 0.22672783772265725, 0.22272801440660098, 0.2214079948866606, 0.2203422799718229], "val_acc": [0.7158370472663361, 0.7608227146234804, 0.7920406754127174, 0.8075868851086979, 0.840750737555709, 0.8279873621660075, 0.8324650053355094, 0.8552089218086331, 0.8388676165965727, 0.8642479024124872, 0.8639549724855105, 0.8572385077312578, 0.857949908982487, 0.8692486347373046, 0.8692486347373046, 0.8629924884397296, 0.8693741761345803, 0.8772414370305275, 0.8747096855187998, 0.8722825518381353, 0.8778482204506937, 0.8835185068943151, 0.8782457682087335, 0.8772414370305275, 0.8810704496474379, 0.8777645261858431, 0.885694557780428, 0.8870755131504614, 0.8802125834327202, 0.8802544305651455, 0.8873265959450128, 0.8903186659134182, 0.8872847488125876, 0.8934362772790995, 0.889439876132488, 0.8771786663318896, 0.8916996212834516, 0.8848366915657104, 0.8934572008453121, 0.8870336660180361, 0.8932479651831858, 0.8892515640365743, 0.894859079781558, 0.8898792710229532, 0.8910719142970728, 0.892620258196807, 0.8931851944845479, 0.891678697717239, 0.8985834745674053, 0.892620258196807, 0.892787646726508, 0.8927248760278702, 0.8963028058502291, 0.901952168727638, 0.8893143347352123, 0.8966585064758438, 0.8978929968823887, 0.8950473918774716, 0.8998179649739502, 0.8952775511058104, 0.8891678697717239, 0.897369907727073, 0.9043793024083024, 0.9024543343167409, 0.9025380285815915, 0.8997970414077375, 0.904462996673153, 0.8970979013663088, 0.9052790157554453, 0.9026844935450798, 0.9028518820747808, 0.9026844935450798, 0.8977465319189003, 0.899211181553784, 0.9050070093946813, 0.9006549076224551, 0.901115226079133, 0.8958006402611262, 0.8937919779047141, 0.9081036971941497, 0.9029983470382692, 0.9037097482894985, 0.9019940158600632, 0.9036888247232858, 0.9002573598644152, 0.9051743979243823, 0.9070156717510932, 0.9054254807189337, 0.9055091749837842, 0.9007176783210931, 0.9044420731069404, 0.9035632833260101, 0.9041700667461762, 0.9004665955265415, 0.9070575188835185, 0.9030401941706945, 0.9064088883309271, 0.9032075827003955, 0.9061159584039503, 0.9042328374448141],